{
  "dataset_name": "PSM",
  "data_types": {
    "train": "csv",
    "test": "csv",
    "test_labels": "csv"
  },
  "basic_info": "这是PSM数据集，包含以下数据部分: train, test, test labels, feature names。",
  "feature_stats": {
    "timestamp_(min)": {
      "mean": 66240.0,
      "std": 38244.11484355033,
      "min": 0.0,
      "25%": 33120.0,
      "50%": 66240.0,
      "75%": 99360.0,
      "max": 132480.0
    },
    "feature_0": {
      "mean": 0.8358096342324717,
      "std": 0.0673256604395658,
      "min": 0.4864898079147307,
      "25%": 0.7894967328831801,
      "50%": 0.8372900288334746,
      "75%": 0.8806025326455771,
      "max": 1.0
    },
    "feature_1": {
      "mean": 0.840205140747365,
      "std": 0.03947191870701495,
      "min": 0.5256823996303726,
      "25%": 0.8204875716739594,
      "50%": 0.8438726398573546,
      "75%": 0.8664228254289442,
      "max": 0.9099558317554888
    },
    "feature_2": {
      "mean": 0.6342156433122609,
      "std": 0.10291980116173084,
      "min": 0.4214841683123811,
      "25%": 0.5801701765833078,
      "50%": 0.6033041601604178,
      "75%": 0.6258053776733603,
      "max": 1.0
    },
    "feature_3": {
      "mean": 0.5750806653043212,
      "std": 0.04967458779881471,
      "min": 0.3808738662296858,
      "25%": 0.5437017305717664,
      "50%": 0.5720770600765201,
      "75%": 0.6111269657909725,
      "max": 0.6766820297924855
    },
    "feature_4": {
      "mean": 0.5433096293288173,
      "std": 0.08943847915507694,
      "min": 0.0651058370750481,
      "25%": 0.4711353431686979,
      "50%": 0.5484284797947403,
      "75%": 0.6048749198203976,
      "max": 0.9294419499679282
    },
    "feature_5": {
      "mean": 0.5117530703899128,
      "std": 0.0777709444287593,
      "min": 0.1101614434947768,
      "25%": 0.4514086736308959,
      "50%": 0.5074390629946186,
      "75%": 0.5596707818930041,
      "max": 0.8774928774928774
    },
    "feature_6": {
      "mean": 0.5492682179287779,
      "std": 0.06409250338637235,
      "min": 0.2159090909090908,
      "25%": 0.5056818181818181,
      "50%": 0.5397727272727272,
      "75%": 0.5795454545454545,
      "max": 1.0
    },
    "feature_7": {
      "mean": 0.5377063582763069,
      "std": 0.09011958105681842,
      "min": 0.0777945619335347,
      "25%": 0.4709214501510574,
      "50%": 0.529833836858006,
      "75%": 0.5883685800604229,
      "max": 0.9682779456193352
    },
    "feature_8": {
      "mean": 0.5511332803520205,
      "std": 0.07899607814364991,
      "min": 0.0386928228755996,
      "25%": 0.490750130622714,
      "50%": 0.5522526480786586,
      "75%": 0.6035695625326556,
      "max": 0.9351280102598204
    }
  },
  "data_structure": [
    {
      "data_type": "train",
      "file": "(csv format)",
      "samples": 132481,
      "features": 26,
      "other_dims": "None"
    },
    {
      "data_type": "test",
      "file": "(csv format)",
      "samples": 87841,
      "features": 26,
      "other_dims": "None"
    },
    {
      "data_type": "test_labels",
      "file": "(csv format)",
      "samples": 87841,
      "features": 2,
      "other_dims": "None"
    }
  ]
}