{
  "dataset_name": "SMAP",
  "data_types": {
    "train": "npy",
    "test": "npy",
    "test_labels": "npy"
  },
  "basic_info": "这是SMAP数据集，包含以下数据部分: train, test, test labels, feature names。",
  "feature_stats": {
    "feature_0": {
      "mean": -0.1868389918317775,
      "std": 0.7885753767842782,
      "min": -1.0,
      "25%": -1.0,
      "50%": -0.3734939759036142,
      "75%": 0.6649387194000571,
      "max": 1.0000000000000018
    },
    "feature_1": {
      "mean": 0.02756263731386343,
      "std": 0.16371602957000836,
      "min": 0.0,
      "25%": 0.0,
      "50%": 0.0,
      "75%": 0.0,
      "max": 1.0
    },
    "feature_2": {
      "mean": 0.00535570300999386,
      "std": 0.07298643336444523,
      "min": 0.0,
      "25%": 0.0,
      "50%": 0.0,
      "75%": 0.0,
      "max": 1.0
    },
    "feature_3": {
      "mean": 0.021718707233897752,
      "std": 0.1457635242095429,
      "min": 0.0,
      "25%": 0.0,
      "50%": 0.0,
      "75%": 0.0,
      "max": 1.0
    },
    "feature_4": {
      "mean": 0.00025890829468202365,
      "std": 0.016088544408272877,
      "min": 0.0,
      "25%": 0.0,
      "50%": 0.0,
      "75%": 0.0,
      "max": 1.0
    },
    "feature_5": {
      "mean": 0.12807823468927307,
      "std": 0.3341768999918345,
      "min": 0.0,
      "25%": 0.0,
      "50%": 0.0,
      "75%": 0.0,
      "max": 1.0
    },
    "feature_6": {
      "mean": 0.09800788560691803,
      "std": 0.29732530999862644,
      "min": 0.0,
      "25%": 0.0,
      "50%": 0.0,
      "75%": 0.0,
      "max": 1.0
    },
    "feature_7": {
      "mean": 0.0010948122175125571,
      "std": 0.033069829206104816,
      "min": 0.0,
      "25%": 0.0,
      "50%": 0.0,
      "75%": 0.0,
      "max": 1.0
    },
    "feature_8": {
      "mean": 0.0003698689924028909,
      "std": 0.019228421394679018,
      "min": 0.0,
      "25%": 0.0,
      "50%": 0.0,
      "75%": 0.0,
      "max": 1.0
    },
    "feature_9": {
      "mean": 0.00048082969012375816,
      "std": 0.021922556715238618,
      "min": 0.0,
      "25%": 0.0,
      "50%": 0.0,
      "75%": 0.0,
      "max": 1.0
    }
  },
  "data_structure": [
    {
      "data_type": "train",
      "file": "(npy format)",
      "samples": 135183,
      "features": 25,
      "other_dims": "None"
    },
    {
      "data_type": "test",
      "file": "(npy format)",
      "samples": 427617,
      "features": 25,
      "other_dims": "None"
    },
    {
      "data_type": "test_labels",
      "file": "(npy format)",
      "samples": 427617,
      "features": 1,
      "other_dims": "None"
    }
  ]
}