{
  "dataset_name": "MSL",
  "data_types": {
    "train": "npy",
    "test": "npy",
    "test_labels": "npy"
  },
  "basic_info": "这是MSL数据集，包含以下数据部分: train, test, test labels, feature names。",
  "feature_stats": {
    "feature_0": {
      "mean": -0.08891139329053831,
      "std": 0.904968888431764,
      "min": -1.47721668720188,
      "25%": -1.0,
      "50%": -0.45195455420758723,
      "75%": 0.9602758445355445,
      "max": 4.162651279553374
    },
    "feature_1": {
      "mean": 0.0,
      "std": 0.0,
      "min": 0.0,
      "25%": 0.0,
      "50%": 0.0,
      "75%": 0.0,
      "max": 0.0
    },
    "feature_2": {
      "mean": 1.714765848723357e-05,
      "std": 0.004140937628731201,
      "min": 0.0,
      "25%": 0.0,
      "50%": 0.0,
      "75%": 0.0,
      "max": 1.0
    },
    "feature_3": {
      "mean": 5.1442975461700706e-05,
      "std": 0.007172191372375414,
      "min": 0.0,
      "25%": 0.0,
      "50%": 0.0,
      "75%": 0.0,
      "max": 1.0
    },
    "feature_4": {
      "mean": 0.0,
      "std": 0.0,
      "min": 0.0,
      "25%": 0.0,
      "50%": 0.0,
      "75%": 0.0,
      "max": 0.0
    },
    "feature_5": {
      "mean": 0.08580688307011677,
      "std": 0.2800786708907126,
      "min": 0.0,
      "25%": 0.0,
      "50%": 0.0,
      "75%": 0.0,
      "max": 1.0
    },
    "feature_6": {
      "mean": 0.0006173157055404084,
      "std": 0.024838168750133362,
      "min": 0.0,
      "25%": 0.0,
      "50%": 0.0,
      "75%": 0.0,
      "max": 1.0
    },
    "feature_7": {
      "mean": 0.0004972820961297735,
      "std": 0.02229427744168091,
      "min": 0.0,
      "25%": 0.0,
      "50%": 0.0,
      "75%": 0.0,
      "max": 1.0
    },
    "feature_8": {
      "mean": 0.0,
      "std": 0.0,
      "min": 0.0,
      "25%": 0.0,
      "50%": 0.0,
      "75%": 0.0,
      "max": 0.0
    },
    "feature_9": {
      "mean": 0.0001543289263851021,
      "std": 0.012421960753745073,
      "min": 0.0,
      "25%": 0.0,
      "50%": 0.0,
      "75%": 0.0,
      "max": 1.0
    }
  },
  "data_structure": [
    {
      "data_type": "train",
      "file": "(npy format)",
      "samples": 58317,
      "features": 55,
      "other_dims": "None"
    },
    {
      "data_type": "test",
      "file": "(npy format)",
      "samples": 73729,
      "features": 55,
      "other_dims": "None"
    },
    {
      "data_type": "test_labels",
      "file": "(npy format)",
      "samples": 73729,
      "features": 1,
      "other_dims": "None"
    }
  ]
}