{
  "dataset_name": "SMD",
  "data_types": {
    "train": "npy",
    "test": "npy",
    "test_labels": "npy"
  },
  "basic_info": "这是SMD数据集，包含以下数据部分: train, test, test labels, feature names。",
  "feature_stats": {
    "feature_0": {
      "mean": 0.13560815155506134,
      "std": 0.13768936693668365,
      "min": 0.0,
      "25%": 0.03225800022482872,
      "50%": 0.09090899676084518,
      "75%": 0.19354799389839172,
      "max": 1.0
    },
    "feature_1": {
      "mean": 0.07032496482133865,
      "std": 0.11075796186923981,
      "min": 0.0,
      "25%": 0.0033629999961704016,
      "50%": 0.023305000737309456,
      "75%": 0.08159700036048889,
      "max": 1.0
    },
    "feature_2": {
      "mean": 0.08122394233942032,
      "std": 0.1284743994474411,
      "min": 0.0,
      "25%": 0.004544000141322613,
      "50%": 0.029069999232888222,
      "75%": 0.08832699805498123,
      "max": 1.0
    },
    "feature_3": {
      "mean": 0.09548109024763107,
      "std": 0.15745718777179718,
      "min": 0.0,
      "25%": 0.005623999983072281,
      "50%": 0.03116600029170513,
      "75%": 0.09653499722480774,
      "max": 1.0
    },
    "feature_4": {
      "mean": 0.2637530267238617,
      "std": 0.4157502353191376,
      "min": 0.0,
      "25%": 0.0,
      "50%": 0.0,
      "75%": 0.6521739959716797,
      "max": 1.0
    },
    "feature_5": {
      "mean": 0.7225511074066162,
      "std": 0.294858455657959,
      "min": 0.0,
      "25%": 0.4525560140609741,
      "50%": 0.8590999841690063,
      "75%": 0.9834669828414917,
      "max": 1.0
    },
    "feature_6": {
      "mean": 0.39418646693229675,
      "std": 0.3234075605869293,
      "min": 0.0,
      "25%": 0.14754100143909454,
      "50%": 0.28595399856567383,
      "75%": 0.683879017829895,
      "max": 1.0
    },
    "feature_7": {
      "mean": 0.0,
      "std": 0.0,
      "min": 0.0,
      "25%": 0.0,
      "50%": 0.0,
      "75%": 0.0,
      "max": 0.0
    },
    "feature_8": {
      "mean": 0.02000800147652626,
      "std": 0.05145643651485443,
      "min": 0.0,
      "25%": 0.00018699999782256782,
      "50%": 0.0037869999650865793,
      "75%": 0.016134999692440033,
      "max": 1.0
    },
    "feature_9": {
      "mean": 0.0010126350680366158,
      "std": 0.01099569071084261,
      "min": 0.0,
      "25%": 0.0,
      "50%": 0.0,
      "75%": 1.9999999949504854e-06,
      "max": 1.0
    }
  },
  "data_structure": [
    {
      "data_type": "train",
      "file": "(npy format)",
      "samples": 708405,
      "features": 38,
      "other_dims": "None"
    },
    {
      "data_type": "test",
      "file": "(npy format)",
      "samples": 708420,
      "features": 38,
      "other_dims": "None"
    },
    {
      "data_type": "test_labels",
      "file": "(npy format)",
      "samples": 708420,
      "features": 1,
      "other_dims": "None"
    }
  ]
}